{
  "SMA_Crossover": {
    "strategy_name": "SMA_Crossover",
    "performance_metrics": {
      "total_return": 0.10105580037435868,
      "annualized_return": 0.03579946129663436,
      "volatility": 0.04038709603850669,
      "sharpe_ratio": 0.12621927346353193,
      "max_drawdown": -0.04367713345788283,
      "avg_drawdown": -0.01060525994770065,
      "drawdown_duration": 0.748,
      "win_rate": 0.0,
      "profit_factor": 0.0,
      "avg_trade": 0.0,
      "total_trades": 0,
      "final_portfolio_value": 110105.58003743587,
      "risk_metrics": {
        "current_drawdown": -0.013863702227906846,
        "max_drawdown": -0.04367713345788283,
        "volatility": 0.04038709603850669,
        "portfolio_value": 110105.58003743587
      }
    },
    "risk_metrics": {
      "current_drawdown": -0.013863702227906846,
      "max_drawdown": -0.04367713345788283,
      "volatility": 0.04038709603850669,
      "portfolio_value": 110105.58003743587
    },
    "final_portfolio": {
      "cash": 110105.58003743587,
      "total_value": 110105.58003743587
    }
  }
}