{
  "custom1": {
    "best_parameters": {
      "parameters": {
        "short_window": 20,
        "long_window": 80,
        "rsi_period": 20,
        "rsi_oversold": 30,
        "rsi_overbought": 75,
        "min_signal_strength": 0.2
      },
      "metrics": {
        "total_return": 0.0915638950744011,
        "annualized_return": 0.03252802012405609,
        "sharpe_ratio": 0.08604929299173872,
        "max_drawdown": -0.028435024026549526,
        "volatility": 0.029409320098854108,
        "win_rate": 0.0,
        "profit_factor": 0.0,
        "total_trades": 0,
        "final_portfolio_value": 109156.38950744011,
        "current_drawdown": 0.0,
        "portfolio_volatility": 0.029409320098854108
      },
      "rank": 1
    },
    "optimization_metric": "sharpe_ratio",
    "total_combinations": 50,
    "tested_combinations": 50,
    "top_results": [
      {
        "rank": 1,
        "parameters": {
          "short_window": 20,
          "long_window": 80,
          "rsi_period": 20,
          "rsi_oversold": 30,
          "rsi_overbought": 75,
          "min_signal_strength": 0.2
        },
        "metrics": {
          "total_return": 0.0915638950744011,
          "annualized_return": 0.03252802012405609,
          "sharpe_ratio": 0.08604929299173872,
          "max_drawdown": -0.028435024026549526,
          "volatility": 0.029409320098854108,
          "win_rate": 0.0,
          "profit_factor": 0.0,
          "total_trades": 0,
          "final_portfolio_value": 109156.38950744011,
          "current_drawdown": 0.0,
          "portfolio_volatility": 0.029409320098854108
        }
      },
      {
        "rank": 2,
        "parameters": {
          "short_window": 20,
          "long_window": 70,
          "rsi_period": 10,
          "rsi_oversold": 25,
          "rsi_overbought": 70,
          "min_signal_strength": 0.2
        },
        "metrics": {
          "total_return": 0.09310658266010674,
          "annualized_return": 0.03306094180328767,
          "sharpe_ratio": 0.0762931273312741,
          "max_drawdown": -0.05226626879404925,
          "volatility": 0.04604052498384192,
          "win_rate": 0.0,
          "profit_factor": 0.0,
          "total_trades": 0,
          "final_portfolio_value": 109310.65826601067,
          "current_drawdown": -0.020759973385586366,
          "portfolio_volatility": 0.046040524983841924
        }
      },
      {
        "rank": 3,
        "parameters": {
          "short_window": 20,
          "long_window": 70,
          "rsi_period": 10,
          "rsi_oversold": 30,
          "rsi_overbought": 70,
          "min_signal_strength": 0.2
        },
        "metrics": {
          "total_return": 0.0930862251251574,
          "annualized_return": 0.03305391239831734,
          "sharpe_ratio": 0.07619097242538,
          "max_drawdown": -0.05226626879404925,
          "volatility": 0.046040689249524654,
          "win_rate": 0.0,
          "profit_factor": 0.0,
          "total_trades": 0,
          "final_portfolio_value": 109308.62251251574,
          "current_drawdown": -0.02077821032000957,
          "portfolio_volatility": 0.046040689249524654
        }
      },
      {
        "rank": 4,
        "parameters": {
          "short_window": 10,
          "long_window": 70,
          "rsi_period": 10,
          "rsi_oversold": 30,
          "rsi_overbought": 65,
          "min_signal_strength": 0.2
        },
        "metrics": {
          "total_return": 0.07977122943280901,
          "annualized_return": 0.028438360995803658,
          "sharpe_ratio": 0.006157114580167797,
          "max_drawdown": -0.050484983442431734,
          "volatility": 0.04253071441095119,
          "win_rate": 0.0,
          "profit_factor": 0.0,
          "total_trades": 0,
          "final_portfolio_value": 107977.12294328089,
          "current_drawdown": -0.02075267861181725,
          "portfolio_volatility": 0.04253071441095119
        }
      },
      {
        "rank": 5,
        "parameters": {
          "short_window": 20,
          "long_window": 80,
          "rsi_period": 10,
          "rsi_oversold": 30,
          "rsi_overbought": 75,
          "min_signal_strength": 0.2
        },
        "metrics": {
          "total_return": 0.051979267339675284,
          "annualized_return": 0.0186867600238092,
          "sharpe_ratio": -0.1500083678393695,
          "max_drawdown": -0.055067588606210305,
          "volatility": 0.04219492048107143,
          "win_rate": 0.0,
          "profit_factor": 0.0,
          "total_trades": 0,
          "final_portfolio_value": 105197.92673396753,
          "current_drawdown": -0.020789152480663483,
          "portfolio_volatility": 0.04219492048107142
        }
      },
      {
        "rank": 6,
        "parameters": {
          "short_window": 15,
          "long_window": 80,
          "rsi_period": 10,
          "rsi_oversold": 30,
          "rsi_overbought": 65,
          "min_signal_strength": 0.4
        },
        "metrics": {
          "total_return": 0.06956692267136977,
          "annualized_return": 0.024876601967836587,
          "sharpe_ratio": -0.17391384836861862,
          "max_drawdown": -0.017992359369936862,
          "volatility": 0.01665759819809186,
          "win_rate": 0.0,
          "profit_factor": 0.0,
          "total_trades": 0,
          "final_portfolio_value": 106956.69226713698,
          "current_drawdown": 0.0,
          "portfolio_volatility": 0.01665759819809186
        }
      },
      {
        "rank": 7,
        "parameters": {
          "short_window": 25,
          "long_window": 70,
          "rsi_period": 14,
          "rsi_oversold": 30,
          "rsi_overbought": 70,
          "min_signal_strength": 0.2
        },
        "metrics": {
          "total_return": 0.04687289927602056,
          "annualized_return": 0.016877324286759476,
          "sharpe_ratio": -0.20314933006690386,
          "max_drawdown": -0.06205583750490414,
          "volatility": 0.03802293597313279,
          "win_rate": 0.0,
          "profit_factor": 0.0,
          "total_trades": 0,
          "final_portfolio_value": 104687.28992760205,
          "current_drawdown": -0.006800877854008654,
          "portfolio_volatility": 0.03802293597313279
        }
      },
      {
        "rank": 8,
        "parameters": {
          "short_window": 15,
          "long_window": 60,
          "rsi_period": 14,
          "rsi_oversold": 25,
          "rsi_overbought": 70,
          "min_signal_strength": 0.2
        },
        "metrics": {
          "total_return": 0.03986852555583087,
          "annualized_return": 0.014386198074859857,
          "sharpe_ratio": -0.24665579973954965,
          "max_drawdown": -0.06833139535660657,
          "volatility": 0.0381602289229012,
          "win_rate": 0.0,
          "profit_factor": 0.0,
          "total_trades": 0,
          "final_portfolio_value": 103986.85255558309,
          "current_drawdown": -0.006800877854008575,
          "portfolio_volatility": 0.0381602289229012
        }
      },
      {
        "rank": 9,
        "parameters": {
          "short_window": 25,
          "long_window": 50,
          "rsi_period": 10,
          "rsi_oversold": 35,
          "rsi_overbought": 70,
          "min_signal_strength": 0.3
        },
        "metrics": {
          "total_return": 0.03827722518939569,
          "annualized_return": 0.013818763950407265,
          "sharpe_ratio": -0.32298375384493105,
          "max_drawdown": -0.05601613966053563,
          "volatility": 0.031097202055183275,
          "win_rate": 0.0,
          "profit_factor": 0.0,
          "total_trades": 0,
          "final_portfolio_value": 103827.72251893957,
          "current_drawdown": -0.0014614998065616768,
          "portfolio_volatility": 0.031097202055183275
        }
      },
      {
        "rank": 10,
        "parameters": {
          "short_window": 20,
          "long_window": 70,
          "rsi_period": 14,