{
  "sma_crossover": {
    "best_parameters": {
      "parameters": {
        "short_window": 20,
        "long_window": 30
      },
      "metrics": {
        "total_return": -0.001894520999421223,
        "annualized_return": -0.042337396544895545,
        "sharpe_ratio": -2.142220401258007,
        "max_drawdown": -0.006434610266315928,
        "volatility": 0.01155843800857668,
        "win_rate": 0.0,
        "profit_factor": 0.0,
        "total_trades": 1,
        "final_portfolio_value": 99810.54790005788,
        "current_drawdown": -0.002266005246258792,
        "portfolio_volatility": 0.01155843800857668
      },
      "rank": 1
    },
    "optimization_metric": "sharpe_ratio",
    "total_combinations": 5,
    "tested_combinations": 5,
    "top_results": [
      {
        "rank": 1,
        "parameters": {
          "short_window": 20,
          "long_window": 30
        },
        "metrics": {
          "total_return": -0.001894520999421223,
          "annualized_return": -0.042337396544895545,
          "sharpe_ratio": -2.142220401258007,
          "max_drawdown": -0.006434610266315928,
          "volatility": 0.01155843800857668,
          "win_rate": 0.0,
          "profit_factor": 0.0,
          "total_trades": 1,
          "final_portfolio_value": 99810.54790005788,
          "current_drawdown": -0.002266005246258792,
          "portfolio_volatility": 0.01155843800857668
        }
      },
      {
        "rank": 2,
        "parameters": {
          "short_window": 30,
          "long_window": 40
        },
        "metrics": {
          "total_return": -0.00581235597277463,
          "annualized_return": -0.12451846052812576,
          "sharpe_ratio": -4.990646566068505,
          "max_drawdown": -0.00610990154180451,
          "volatility": 0.0069757916859772,
          "win_rate": 0.0,
          "profit_factor": 0.0,
          "total_trades": 0,
          "final_portfolio_value": 99418.76440272253,
          "current_drawdown": -0.0059800470987621795,
          "portfolio_volatility": 0.0069757916859772
        }
      },
      {
        "rank": 3,
        "parameters": {
          "short_window": 5,
          "long_window": 70
        },
        "metrics": {
          "total_return": -0.0029724524473750957,
          "annualized_return": -0.06565548706336855,
          "sharpe_ratio": -6.219532317398478,
          "max_drawdown": -0.002972452447375108,
          "volatility": 0.004432432038158296,
          "win_rate": 0.0,
          "profit_factor": 0.0,
          "total_trades": 0,
          "final_portfolio_value": 99702.75475526249,
          "current_drawdown": -0.002972452447375108,
          "portfolio_volatility": 0.004432432038158296
        }
      },
      {
        "rank": 4,
        "parameters": {
          "short_window": 5,
          "long_window": 100
        },
        "metrics": {
          "total_return": 0.0,
          "annualized_return": 0.0,
          "sharpe_ratio": -Infinity,
          "max_drawdown": 0.0,
          "volatility": 0.0,
          "win_rate": 0.0,
          "profit_factor": 0.0,
          "total_trades": 0,
          "final_portfolio_value": "100000",
          "current_drawdown": 0.0,
          "portfolio_volatility": 0.0
        }
      },
      {
        "rank": 5,
        "parameters": {
          "short_window": 30,
          "long_window": 90
        },
        "metrics": {
          "total_return": 0.0,
          "annualized_return": 0.0,
          "sharpe_ratio": -Infinity,
          "max_drawdown": 0.0,
          "volatility": 0.0,
          "win_rate": 0.5,
          "profit_factor": 0.19405942033597853,
          "total_trades": 2,
          "final_portfolio_value": "100000",
          "current_drawdown": 0.0,
          "portfolio_volatility": 0.0
        }
      }
    ]
  }
}