{
  "sma_crossover": {
    "best_parameters": {
      "parameters": {
        "short_window": 30,
        "long_window": 60
      },
      "metrics": {
        "total_return": 0.015536175377379946,
        "annualized_return": 0.05848584548083258,
        "sharpe_ratio": 0.7001520676619482,
        "max_drawdown": -0.012492581237808715,
        "volatility": 0.028042692156438398,
        "win_rate": 0.0,
        "profit_factor": 0.0,
        "total_trades": 0,
        "final_portfolio_value": 101553.617537738,
        "current_drawdown": -0.011534595176575995,
        "portfolio_volatility": 0.0280426921564384
      },
      "rank": 1
    },
    "optimization_metric": "sharpe_ratio",
    "total_combinations": 15,
    "tested_combinations": 15,
    "top_results": [
      {
        "rank": 1,
        "parameters": {
          "short_window": 30,
          "long_window": 60
        },
        "metrics": {
          "total_return": 0.015536175377379946,
          "annualized_return": 0.05848584548083258,
          "sharpe_ratio": 0.7001520676619482,
          "max_drawdown": -0.012492581237808715,
          "volatility": 0.028042692156438398,
          "win_rate": 0.0,
          "profit_factor": 0.0,
          "total_trades": 0,
          "final_portfolio_value": 101553.617537738,
          "current_drawdown": -0.011534595176575995,
          "portfolio_volatility": 0.0280426921564384
        }
      },
      {
        "rank": 2,
        "parameters": {
          "short_window": 5,
          "long_window": 40
        },
        "metrics": {
          "total_return": 0.014472866730545153,
          "annualized_return": 0.054405511524743266,
          "sharpe_ratio": 0.4873973364930172,
          "max_drawdown": -0.012343519715982392,
          "volatility": 0.03527636522599755,
          "win_rate": 0.0,
          "profit_factor": 0.0,
          "total_trades": 0,
          "final_portfolio_value": 101447.28667305452,
          "current_drawdown": -0.011396964347691163,
          "portfolio_volatility": 0.03527636522599755
        }
      },
      {
        "rank": 3,
        "parameters": {
          "short_window": 20,
          "long_window": 50
        },
        "metrics": {
          "total_return": 0.012539009964988468,
          "annualized_return": 0.04701394024417338,
          "sharpe_ratio": 0.4116265467219048,
          "max_drawdown": -0.012179451410838923,
          "volatility": 0.02952046024107544,
          "win_rate": 0.0,
          "profit_factor": 0.0,
          "total_trades": 0,
          "final_portfolio_value": 101253.90099649885,
          "current_drawdown": -0.011245477521621227,
          "portfolio_volatility": 0.029520460241075443
        }
      },
      {
        "rank": 4,
        "parameters": {
          "short_window": 10,
          "long_window": 40
        },
        "metrics": {
          "total_return": 0.010518450624291464,
          "annualized_return": 0.03933138951357584,
          "sharpe_ratio": 0.20252349316603327,
          "max_drawdown": -0.013532073707208318,
          "volatility": 0.0359130434940406,
          "win_rate": 0.0,
          "profit_factor": 0.0,
          "total_trades": 0,
          "final_portfolio_value": 101051.84506242914,
          "current_drawdown": -0.011513772958910576,
          "portfolio_volatility": 0.0359130434940406
        }
      },
      {
        "rank": 5,
        "parameters": {
          "short_window": 20,
          "long_window": 40
        },
        "metrics": {
          "total_return": 0.007934403259939549,
          "annualized_return": 0.02956631503994478,
          "sharpe_ratio": 0.02011429781356592,
          "max_drawdown": -0.012241736086547092,
          "volatility": 0.03360562356014175,
          "win_rate": 0.0,
          "profit_factor": 0.0,
          "total_trades": 0,
          "final_portfolio_value": 100793.44032599396,
          "current_drawdown": -0.011302985934520093,
          "portfolio_volatility": 0.03360562356014175
        }
      },
      {
        "rank": 6,
        "parameters": {
          "short_window": 10,
          "long_window": 70
        },
        "metrics": {
          "total_return": 0.007304012841091501,
          "annualized_return": 0.02719426197041286,
          "sharpe_ratio": -0.04868263403168878,
          "max_drawdown": -0.01211831792762321,
          "volatility": 0.024301611349316365,
          "win_rate": 0.0,
          "profit_factor": 0.0,
          "total_trades": 0,
          "final_portfolio_value": 100730.40128410915,
          "current_drawdown": -0.01118903202271246,
          "portfolio_volatility": 0.024301611349316365
        }
      },
      {
        "rank": 7,
        "parameters": {
          "short_window": 30,
          "long_window": 70
        },
        "metrics": {
          "total_return": 0.007304012841091501,
          "annualized_return": 0.02719426197041286,
          "sharpe_ratio": -0.04868263403168878,
          "max_drawdown": -0.01211831792762321,
          "volatility": 0.024301611349316365,
          "win_rate": 0.0,
          "profit_factor": 0.0,
          "total_trades": 0,
          "final_portfolio_value": 100730.40128410915,
          "current_drawdown": -0.01118903202271246,
          "portfolio_volatility": 0.024301611349316365
        }
      },
      {
        "rank": 8,
        "parameters": {
          "short_window": 15,
          "long_window": 40
        },
        "metrics": {
          "total_return": 0.006283196124708734,
          "annualized_return": 0.02336155051016431,
          "sharpe_ratio": -0.10319557847622085,
          "max_drawdown": -0.013165021112128528,
          "volatility": 0.03382388006108828,
          "win_rate": 0.0,
          "profit_factor": 0.0,
          "total_trades": 0,
          "final_portfolio_value": 100628.31961247086,
          "current_drawdown": -0.011319935101140093,
          "portfolio_volatility": 0.033823880061088274
        }
      },
      {
        "rank": 9,
        "parameters": {
          "short_window": 10,
          "long_window": 50
        },
        "metrics": {
          "total_return": 0.0048777076730373015,
          "annualized_return": 0.018101634667369693,
          "sharpe_ratio": -0.2493922082106406,
          "max_drawdown": -0.01247002966649158,
          "volatility": 0.02887744740560432,
          "win_rate": 0.0,
          "profit_factor": 0.0,
          "total_trades": 0,
          "final_portfolio_value": 100487.77076730374,
          "current_drawdown": -0.01151377295891045,
          "portfolio_volatility": 0.02887744740560432
        }
      },
      {
        "rank": 10,
        "parameters": {
          "short_window": 10,
          "long_window": 30
        },
        "metrics": {
          "total_return": -0.002183366000706566,
          "annualized_return": -0.00802620101974505,
          "sharpe_ratio": -0.7914118205993518,
          "max_drawdown": -0.01983776654108968,
          "volatility": 0.03167442864895446,
          "win_rate": 0.0,
          "profit_factor": 0.0,
          "total_trades": 0,
          "final_portfolio_value": 99781.66339992934,
          "current_drawdown": -0.011390401441584106,
          "portfolio_volatility": 0.03167442864895446
        }
      }
    ]
  },
  "rsi": {
    "best_parameters": {
      "parameters": {
        "period": 10,
        "oversold": 35,
        "overbought": 70
      },
      "metrics": {
        "total_return": 0.016699848138022944,
        "annualized_return": 0.06296449073826382,
        "sharpe_ratio": 0.8235666665800389,
        "max_drawdown": -0.008221417646134233,
        "volatility": 0.027357329717432162,
        "win_rate": 0.0,
        "profit_factor": 0.0,
        "total_trades": 0,
        "final_portfolio_value": 101669.9848138023,
        "current_drawdown": 0.0,
        "portfolio_volatility": 0.027357329717432162
      },
      "rank": 1
    },
    "optimization_metric": "sharpe_ratio",